[
  {
    "Subject": "eCraft Management Monthly Meeting",
    "Organizer": "Ville Hemmil�",
    "StartTime": "2018-03-03T07:30:00",
    "EndTime": "2018-03-03T08:30:00",
    "Participants": [
      {
        "Name": "Juho R�yhy",
        "Title": "Art Director"
      },
      {
        "Name": "Petteri Lehtonen",
        "Title": "UX Architect"
      },
      {
        "Name": "Tero Tapanainen",
        "Title": "CTO"
      }
    ]
  },
  {
    "Subject": "Jooses Design workshop",
    "Organizer": "Joose Rautemaa",
    "StartTime": "2018-03-03T09:30:00",
    "EndTime": "2018-03-03T10:30:00",
    "Participants": null
  },
  {
    "Subject": "Joose goes sickbr0",
    "Organizer": "Joose Rautemaa",
    "StartTime": "2018-03-03T10:30:00",
    "EndTime": "2018-03-03T11:30:00",
    "Participants": null
  },
  {
    "Subject": "Nousiainen Inspection",
    "Organizer": "Joose Rautemaa",
    "StartTime": "2018-03-03T11:30:00",
    "EndTime": "2018-03-03T13:30:00",
    "Participants": null
  }
]